INSERT INTO Restaurant VALUES(10000, '555 Border St.', 'Boston', 'MA', '02133', '8:00 AM', '11:30 PM', 150, 800600, 540000);
INSERT INTO Restaurant VALUES(10001, '72 File St.', 'Cambridge', 'MA', '02355', '8:30 AM', '11:00 PM', 180, 789800, 430000);
INSERT INTO Restaurant VALUES(10002, '9 Sideline St.', 'Quincy', 'MA', '02177', '8:00 AM', '11:30 PM', 150, 810300, 350000);
INSERT INTO Restaurant VALUES(10003, '2 Forth St.', 'Salem', 'MA', '02321', '8:15 AM', '12:30 AM', 200, 855800, 580000);
INSERT INTO Restaurant VALUES(10004, '78 Synth St.', 'Lynn', 'MA', '01890', '7:00 AM', '10:00 PM', 250, 976900, 610000);
INSERT INTO Renovation VALUES(00110, 'Kitchen Upgrade', 5000, 'Kitchen', '10-SEP-22', 10000); 
INSERT INTO Renovation VALUES(00111, 'Roof Repair', 2500, 'Roof', '08-NOV-22', 10001); 
INSERT INTO Renovation VALUES(00112, 'Seating Upgrade', 3100, 'Main Seating', '01-DEC-22', 10002); 
INSERT INTO Renovation VALUES(00113, 'Parking Upgrade', 7000, 'Parking Area', '12-JAN-23', 10003); 
INSERT INTO Renovation VALUES(00114, 'Furniture Replacement', 4000, 'Outside Seating', '19-OCT-22', 10004); 
INSERT INTO Employee(EmployeeID, First_Name, Last_Name, DOB,  Salary, Date_Hired, Phone_Number, Benefits, RestaurantID) VALUES(00011, 'Rick', 'Astley', '11-SEP-02', 60000, '23-JUL-22', '(617)-333-2319', 1, 10000);
INSERT INTO Employee(EmployeeID, First_Name, Last_Name, DOB,  Salary, Date_Hired, Phone_Number, Benefits, RestaurantID) VALUES(00012, 'Say', 'Hy', '10-JAN-01', 50000, '20-JUN-22', '(617)-379-4200', 1, 10001);
INSERT INTO Employee(EmployeeID, First_Name, Last_Name, DOB,  Salary, Date_Hired, Phone_Number, Benefits, RestaurantID) VALUES(00013, 'Liv', 'Ren', '01-NOV-01', 55000, '10-AUG-22', '(617)-690-3421', 1, 10002);
INSERT INTO Employee(EmployeeID, First_Name, Last_Name, DOB,  Salary, Date_Hired, Phone_Number, Benefits, RestaurantID) VALUES(00014, 'Ron', 'Fife', '05-JAN-96', 63000, '13-JAN-18', '(857)-546-6678', 1, 10003);
INSERT INTO Employee(EmployeeID, First_Name, Last_Name, DOB,  Salary, Date_Hired, Phone_Number, Benefits, RestaurantID) VALUES(00015, 'Lionel', 'Sev', '15-FEB-99', 65000, '12-DEC-13', '(781)-229-3600', 1, 10004);
INSERT INTO Employee VALUES(00001, 'Ben', 'Frank', '10-MAR-04', 35000, '11-NOV-21', '(781)-573-5888', 1, 00011, 10000);
INSERT INTO Employee VALUES(00002, 'Stan', 'Ly', '19-NOV-00', 35000, '21-AUG-21', '(781)-566-7789', 1, 00012, 10001);
INSERT INTO Employee VALUES(00003, 'Brick', 'Rover', '02-MAR-02', 24000, '30-DEC-2022', '(617)-567-9987', 0, 00013, 10002);
INSERT INTO Employee VALUES(00004, 'Nash', 'Ville', '03-MAR-03', 33000, '10-SEP-21', '(857)-529-5432', 0, 00014, 10003);
INSERT INTO Employee VALUES(00005, 'Rubert', 'Fan', '07-MAY-04', 25000, '13-JAN-22', '(781)-743-2134', 1, 00015, 10004);
INSERT INTO Employee VALUES(00021, 'Jo', 'Joe', '13-FEB-02', 55000, '27-SEP-23', '(857)-223-4536', 1, 00011, 10000);
INSERT INTO Employee VALUES(00022, 'Poppy', 'Ren', '12-DEC-02', 54000, '15-JUL-21', '(617)-221-0988', 1, 00012, 10001);
INSERT INTO Employee VALUES(00023, 'Regal', 'Sin', '08-NOV-00', 52000, '21-JUN-20', '(781)-333-2134', 1, 00013, 10002);
INSERT INTO Employee VALUES(00024, 'Mo', 'Stan', '02-FEB-01', 57000, '29-AUG-22', '(617)-122-4563', 1, 00014, 10003);
INSERT INTO Employee VALUES(00025, 'Mey', 'Lin', '22-MAY-99', 55000, '23-DEC-22', '(857)-144-3512', 1, 00015, 10004);
INSERT INTO Chef VALUES(00021, 1);
INSERT INTO Chef VALUES(00022, 0);
INSERT INTO Chef VALUES(00023, 1);
INSERT INTO Chef VALUES(00024, 1);
INSERT INTO Chef VALUES(00025, 0);
INSERT INTO Waiter VALUES(00001, 1);
INSERT INTO Waiter VALUES(00002, 1);
INSERT INTO Waiter VALUES(00003, 0);
INSERT INTO Waiter VALUES(00004, 1);
INSERT INTO Waiter VALUES(00005, 0);
INSERT INTO Supervisor VALUES(00011, 1);
INSERT INTO Supervisor VALUES(00012, 1);
INSERT INTO Supervisor VALUES(00013, 0);
INSERT INTO Supervisor VALUES(00014, 0);
INSERT INTO Supervisor VALUES(00015, 1);
INSERT INTO Invoice VALUES(20000, '15-NOV-2022', 13000, 20000, 7000, 3500, 3000, 10000, 00011);
INSERT INTO Invoice VALUES(20001, '21-DEC-2022', 12000, 33000, 8000, 3300, 5500, 10001, 00012);
INSERT INTO Invoice VALUES(20002, '20-SEP-22', 11000, 22000, 7500, 4400, 4600, 10002, 00013);
INSERT INTO Invoice VALUES(20003, '01-JAN-23', 20000, 23000, 8000, 5700, 3400, 10003, 00014);
INSERT INTO Invoice VALUES(20004, '17-DEC-2022', 17000, 25000, 3300, 2300, 3000, 10004, 00015);
INSERT INTO Kitchen VALUES(00200, 10, 10000, 00011);
INSERT INTO Kitchen VALUES(00201, 8, 10001, 00012);
INSERT INTO Kitchen VALUES(00202, 7, 10002, 00013);
INSERT INTO Kitchen VALUES(00203, 5, 10003, 00014);
INSERT INTO Kitchen VALUES(00204, 7, 10004, 00015);
INSERT INTO Kitchenware VALUES(00211, 'Spatula', 1, 00200);
INSERT INTO Kitchenware VALUES(00212, 'Pot', 2, 00201);
INSERT INTO Kitchenware VALUES(00213, 'Table', 2, 00202);
INSERT INTO Kitchenware VALUES(00214, 'Spoon', 1, 00203);
INSERT INTO Kitchenware VALUES(00215, 'Laddle', 1, 00204);
INSERT INTO Kitchenware VALUES(00216, 'Oven', 1, 00200);
INSERT INTO Kitchenware VALUES(00217, 'Stove', 2, 00201);
INSERT INTO Kitchenware VALUES(00218, 'Refrigerator', 2, 00202);
INSERT INTO Kitchenware VALUES(00219, 'Grill', 1, 00203);
INSERT INTO Kitchenware VALUES(00220, 'Air Fryer', 1, 00204);
INSERT INTO Cookware VALUES(00211, 'Metal');
INSERT INTO Cookware VALUES(00212, 'Wood');
INSERT INTO Cookware VALUES(00213, 'Plastic');
INSERT INTO Cookware VALUES(00214, 'Metal');
INSERT INTO Cookware VALUES(00215, 'Wood');
INSERT INTO Equipment VALUES(00216, 1, 1);
INSERT INTO Equipment VALUES(00217, 0, 1);
INSERT INTO Equipment VALUES(00218, 1, 1);
INSERT INTO Equipment VALUES(00219, 1, 0);
INSERT INTO Equipment VALUES(00220, 0, 0);
INSERT INTO Menu VALUES(11000, 'Main Courses', 10000);
INSERT INTO Menu VALUES(12000, 'Dinner', 10001);
INSERT INTO Menu VALUES(13000, 'Lunch', 10002);
INSERT INTO Menu VALUES(14000, 'Dinner', 10003);
INSERT INTO Menu VALUES(15000, 'Any-Time', 10004);
INSERT INTO Menu VALUES(16000, 'Water', 10004);
INSERT INTO Menu VALUES(17000, 'Alcohol', 10004);
INSERT INTO Menu VALUES(18000, 'Soda', 10004);
INSERT INTO Menu VALUES(19000, 'Juice', 10004);
INSERT INTO Menu VALUES(12100, 'All Drinks', 10004);
INSERT INTO Consumable VALUES(11001, 'Fettucine Alfredo', 12, 800, 00021, 11000, 00001);
INSERT INTO Consumable VALUES(11002, 'Linguine', 8, 600, 00022, 12000, 00002);
INSERT INTO Consumable VALUES(11003, 'Lasagna Classico', 6, 300, 00023, 13000, 00003);
INSERT INTO Consumable VALUES(11004, 'Italian Pasta', 4, 400, 00024, 14000, 00004);
INSERT INTO Consumable VALUES(11005, 'Spaghetti', 2, 200, 00025, 15000, 00005);
INSERT INTO Consumable VALUES(11006, 'Regular Water', 2, 200, 00025, 15000, 00005);
INSERT INTO Consumable VALUES(11007, 'Wine', 2, 200, 00025, 15000, 00005);
INSERT INTO Consumable VALUES(11008, 'Coke', 2, 200, 00025, 15000, 00005);
INSERT INTO Consumable VALUES(11009, 'Orange Juice', 2, 200, 00025, 15000, 00005);
INSERT INTO Consumable VALUES(11010, 'Beer', 2, 200, 00025, 15000, 00005);
INSERT INTO Food VALUES(11001, 0, 1);
INSERT INTO Food VALUES(11002, 0, 1);
INSERT INTO Food VALUES(11003, 1, 0);
INSERT INTO Food VALUES(11004, 0, 0);
INSERT INTO Food VALUES(11005, 1, 1);
INSERT INTO Food_Cheese VALUES(11001, 'Ricotta');
INSERT INTO Food_Cheese VALUES(11002, 'Gorgonzola');
INSERT INTO Food_Cheese VALUES(11003, 'Stracchino');
INSERT INTO Food_Cheese VALUES(11004, 'Mozzarella');
INSERT INTO Food_Cheese VALUES(11005, 'Ricotta');
INSERT INTO Food_Course VALUES(11001, 'Dinner');
INSERT INTO Food_Course VALUES(11002, 'Dinner');
INSERT INTO Food_Course VALUES(11003, 'Lunch');
INSERT INTO Food_Course VALUES(11004, 'Dinner');
INSERT INTO Food_Course VALUES(11005, 'Any-Time');
INSERT INTO Fettucine_Alfredo VALUES(11001, 1, 1);
INSERT INTO Linguine VALUES(11002, 1, 1);
INSERT INTO Lasagna_Classico VALUES(11003, 0);
INSERT INTO Lasagna_Classico_Vegetables VALUES(11003, 'Brocolli');
INSERT INTO Italian_Pasta VALUES(11004, 'Garganelli', 0);
INSERT INTO Spaghetti VALUES(11005, 1);
INSERT INTO Beverage VALUES(11006, 0, 0);
INSERT INTO Beverage VALUES(11007, 0, 1);
INSERT INTO Beverage VALUES(11008, 1, 0);
INSERT INTO Beverage VALUES(11009, 0, 0);
INSERT INTO Beverage VALUES(11010, 1, 1);
INSERT INTO Supplier VALUES(11111, 'Sams Deli', '123 Part St.', 'Boston', 'MA', '02145', 10000);
INSERT INTO Supplier VALUES(11112, 'Bobs Cuts', '45 All St.', 'Cambridge', 'MA', '02389', 10001);
INSERT INTO Supplier VALUES(11113, 'The Farm', '123 Part St.', 'Quincy', 'MA', '02171', 10002);
INSERT INTO Supplier VALUES(11114, 'Bell Grocery', '123 Part St.', 'Salem', 'MA', '02333', 10003);
INSERT INTO Supplier VALUES(11115, 'Great Value', '123 Part St.', 'Lynn', 'MA', '01789', 10004);
INSERT INTO Ingredients VALUES(11101, 'Leek', 13, 0, 'Vegetable', '05-APR-23', 10000);
INSERT INTO Ingredients VALUES(11102, 'Linguine', 30, 0, 'Pasta', '10-APR-23', 10001);
INSERT INTO Ingredients VALUES(11103, 'Olive Oil', 5, 1, 'Cooking Oil', '25-APR-23', 10002);
INSERT INTO Ingredients VALUES(11104, 'Banana', 17, 0, 'Fruit', '08-APR-23', 10003);
INSERT INTO Ingredients VALUES(11105, 'Tomato', 22, 0, 'Vegetable', '08-APR-23', 10004);
INSERT INTO Shipment VALUES(11101, 11111);
INSERT INTO Shipment VALUES(11102, 11112);
INSERT INTO Shipment VALUES(11103, 11113);
INSERT INTO Shipment VALUES(11104, 11114);
INSERT INTO Shipment VALUES(11105, 11115);
INSERT INTO Recipe VALUES(11101, 11001, 'Place water into pot then...');
INSERT INTO Recipe VALUES(11102, 11002, 'Pour linguine into boiling water and then...');
INSERT INTO Recipe VALUES(11103, 11003, 'Add olive oil to a bowl then...');
INSERT INTO Recipe VALUES(11104, 11004, 'Cut up the banana then...');
INSERT INTO Recipe VALUES(11105, 11005, 'Wash tomato then...');
INSERT INTO Customers VALUES(90000, 'Rich', '(617)-777-9292', 'r@hotmail.com', 1);
INSERT INTO Customers VALUES(90001, 'Horice', '(857)-723-9231', 'h@gmail.com', 0);
INSERT INTO Customers VALUES(90002, 'Fam', '(617)-712-4444', 'family@gmail.com', 0);
INSERT INTO Customers VALUES(90003, 'Layley', '(617)-223-5663', 'lays@gmail.com', 1);
INSERT INTO Customers VALUES(90004, 'Sam', '(781)-324-4443', 'sam@yahoo.com', 1);
INSERT INTO Orders VALUES(11111, 11000, '12:30 PM');
INSERT INTO Orders VALUES(11112, 12000, '01:25 AM');
INSERT INTO Orders VALUES(11113, 13000, '07:30 PM');
INSERT INTO Orders VALUES(11114, 14000, '08:30 PM');
INSERT INTO Orders VALUES(11115, 15000, '8:30 AM');
INSERT INTO Payment VALUES(90000, 11111, 20, 1);
INSERT INTO Payment VALUES(90001, 11112, 15, 0);
INSERT INTO Payment VALUES(90002, 11113, 23, 1);
INSERT INTO Payment VALUES(90003, 11114, 18, 0);
INSERT INTO Payment VALUES(90004, 11115, 57, 1);
INSERT INTO Order_Item VALUES(11111, 11000, 01);
INSERT INTO Order_Item VALUES(11112, 12000, 11);
INSERT INTO Order_Item VALUES(11113, 13000, 08);
INSERT INTO Order_Item VALUES(11114, 14000, 13);
INSERT INTO Order_Item VALUES(11115, 15000, 10);